id,idade_dias,idade_anos,sexo,altura_cm,peso_kg,imc,pressao_sistolica,pressao_diastolica,colesterol,glicose,tabagista,consumo_alcool,atividade_fisica,doenca_cardiovascular
0,18393,50.4,Masculino,168,62.0,22.0,110,80,normal,normal,0,0,1,0
1,20228,55.4,Feminino,156,85.0,34.9,140,90,muito_acima_do_normal,normal,0,0,1,1
2,18857,51.6,Feminino,165,64.0,23.5,130,70,muito_acima_do_normal,normal,0,0,0,1
3,17623,48.2,Masculino,169,82.0,28.7,150,100,normal,normal,0,0,1,1
4,17474,47.8,Feminino,156,56.0,23.0,100,60,normal,normal,0,0,0,0
8,21914,60.0,Feminino,151,67.0,29.4,120,80,acima_do_normal,acima_do_normal,0,0,0,0
9,22113,60.5,Feminino,157,93.0,37.7,130,80,muito_acima_do_normal,normal,0,0,1,0
12,22584,61.8,Masculino,178,95.0,30.0,130,90,muito_acima_do_normal,muito_acima_do_normal,0,0,1,1
13,17668,48.4,Feminino,158,71.0,28.4,110,70,normal,normal,0,0,1,0
14,19834,54.3,Feminino,164,68.0,25.3,110,60,normal,normal,0,0,0,0
15,22530,61.7,Feminino,169,80.0,28.0,120,80,normal,normal,0,0,1,0
16,18815,51.5,Masculino,173,60.0,20.0,120,80,normal,normal,0,0,1,0
18,14791,40.5,Masculino,165,60.0,22.0,120,80,normal,normal,0,0,0,0
21,19809,54.2,Feminino,158,78.0,31.2,110,70,normal,normal,0,0,1,0
23,14532,39.8,Masculino,181,95.0,29.0,130,90,normal,normal,1,1,1,0
24,16782,45.9,Masculino,172,112.0,37.9,120,80,normal,normal,0,0,0,1
25,21296,58.3,Feminino,170,75.0,26.0,130,70,normal,normal,0,0,0,0
27,16747,45.9,Feminino,158,52.0,20.8,110,70,normal,muito_acima_do_normal,0,0,1,0
28,17482,47.9,Feminino,154,68.0,28.7,100,70,normal,normal,0,0,0,0
29,21755,59.6,Masculino,162,56.0,21.3,120,70,normal,normal,1,0,1,0
30,19778,54.1,Masculino,163,83.0,31.2,120,80,normal,normal,0,0,1,0
31,21413,58.6,Feminino,157,69.0,28.0,130,80,normal,normal,0,0,1,0
32,23046,63.1,Feminino,158,90.0,36.1,145,85,acima_do_normal,acima_do_normal,0,0,1,1
33,23376,64.0,Masculino,156,45.0,18.5,110,60,normal,normal,0,0,1,0
35,16608,45.5,Feminino,170,68.0,23.5,150,90,muito_acima_do_normal,normal,0,0,1,1
36,14453,39.6,Feminino,153,65.0,27.8,130,100,acima_do_normal,normal,0,0,1,0
37,19559,53.5,Feminino,156,59.0,24.2,130,90,normal,normal,0,0,1,0
38,18085,49.5,Feminino,159,78.0,30.9,120,80,normal,normal,0,0,1,0
39,14574,39.9,Masculino,166,66.0,24.0,120,80,normal,normal,0,0,1,0
40,21057,57.7,Masculino,169,74.0,25.9,130,70,normal,muito_acima_do_normal,0,0,0,0
42,18291,50.1,Feminino,155,105.0,43.7,120,80,muito_acima_do_normal,normal,0,0,1,1
43,23186,63.5,Feminino,169,71.0,24.9,140,90,muito_acima_do_normal,normal,0,0,1,1
44,14605,40.0,Feminino,159,60.0,23.7,110,70,normal,normal,0,0,1,0
45,20652,56.5,Feminino,160,73.0,28.5,130,85,normal,normal,0,0,0,1
46,21940,60.1,Masculino,173,82.0,27.4,140,90,muito_acima_do_normal,normal,0,0,0,1
47,20404,55.9,Feminino,163,55.0,20.7,120,80,normal,normal,0,0,1,0
49,18328,50.2,Masculino,175,95.0,31.0,120,80,normal,normal,0,0,1,0
51,17976,49.2,Feminino,164,70.0,26.0,130,90,normal,normal,0,0,1,0
52,23388,64.0,Masculino,162,72.0,27.4,130,80,normal,normal,1,0,1,1
53,18126,49.6,Feminino,165,70.0,25.7,140,90,normal,normal,0,0,1,1
54,19848,54.3,Feminino,157,62.0,25.2,110,70,normal,normal,0,0,0,0
56,18274,50.0,Feminino,178,68.0,21.5,110,80,normal,normal,0,0,1,1
57,21475,58.8,Masculino,171,69.0,23.6,140,90,normal,normal,0,0,1,1
58,20556,56.3,Masculino,159,63.0,24.9,120,60,normal,normal,0,0,1,1
59,19764,54.1,Feminino,154,50.0,21.1,170,80,muito_acima_do_normal,normal,0,0,1,1
60,17471,47.8,Feminino,162,64.0,24.4,140,90,normal,normal,0,0,1,1
61,18207,49.8,Feminino,162,107.0,40.8,150,90,acima_do_normal,normal,0,0,1,1
62,18535,50.7,Masculino,168,69.0,24.4,120,80,normal,normal,0,0,0,0
63,16864,46.2,Masculino,175,70.0,22.9,120,80,acima_do_normal,normal,0,0,1,0
64,16045,43.9,Feminino,170,69.0,23.9,120,70,normal,normal,0,0,1,0
65,18238,49.9,Feminino,160,75.0,29.3,100,60,normal,normal,0,0,0,0
66,18338,50.2,Feminino,169,84.0,29.4,150,100,normal,normal,0,0,1,1
67,19575,53.6,Masculino,166,85.0,30.8,150,100,normal,normal,0,0,1,1
68,14507,39.7,Feminino,165,77.0,28.3,135,90,muito_acima_do_normal,muito_acima_do_normal,0,0,1,1
69,19679,53.9,Feminino,152,79.0,34.2,130,90,normal,normal,0,0,1,1
70,21787,59.6,Masculino,165,73.0,26.8,125,90,normal,normal,0,0,0,0
71,17407,47.7,Feminino,171,76.0,26.0,90,60,normal,acima_do_normal,0,0,1,0
72,22748,62.3,Feminino,165,90.0,33.1,120,80,normal,normal,0,0,0,1
73,15901,43.5,Masculino,172,84.0,28.4,140,90,normal,normal,1,0,1,1
74,20431,55.9,Feminino,164,64.0,23.8,180,90,normal,normal,1,0,1,1
77,19105,52.3,Feminino,159,58.0,22.9,110,70,normal,normal,0,0,1,0
79,20960,57.4,Masculino,165,75.0,27.5,180,90,muito_acima_do_normal,normal,0,0,1,1
81,20330,55.7,Masculino,187,115.0,32.9,130,90,normal,normal,0,1,1,0
83,22587,61.8,Feminino,170,85.0,29.4,120,80,normal,normal,0,0,1,0
86,20649,56.5,Masculino,169,71.0,24.9,120,80,normal,normal,0,0,1,1
87,21752,59.6,Feminino,148,80.0,36.5,130,90,normal,normal,0,0,1,1
88,19148,52.4,Masculino,170,69.0,23.9,130,80,normal,normal,0,0,1,0
90,22099,60.5,Masculino,171,97.0,33.2,150,100,muito_acima_do_normal,normal,1,0,1,1
92,19739,54.0,Feminino,152,76.0,32.9,160,100,normal,acima_do_normal,0,0,1,1
94,20882,57.2,Feminino,157,53.0,21.5,110,70,normal,normal,0,0,0,1
95,23589,64.6,Feminino,155,57.0,23.7,120,80,normal,normal,0,0,1,1
96,21874,59.9,Masculino,179,95.0,29.6,150,90,normal,normal,0,0,1,1
97,23433,64.2,Feminino,156,58.0,23.8,110,70,normal,normal,0,0,1,0
100,21934,60.1,Feminino,157,77.0,31.2,140,90,normal,normal,0,0,1,1
103,16039,43.9,Masculino,180,90.0,27.8,140,90,acima_do_normal,acima_do_normal,0,0,0,0
104,20484,56.1,Feminino,158,75.0,30.0,130,90,normal,normal,0,0,0,1
105,20397,55.8,Masculino,188,105.0,29.7,120,80,normal,normal,0,0,1,1
106,21865,59.9,Feminino,160,68.0,26.6,140,90,normal,normal,0,0,1,1
107,18241,49.9,Feminino,173,82.0,27.4,140,90,normal,normal,0,0,1,1
108,20370,55.8,Masculino,164,74.0,27.5,140,85,normal,normal,0,0,0,1
109,16591,45.4,Feminino,159,49.0,19.4,120,70,normal,normal,0,0,1,0
111,19029,52.1,Feminino,155,64.0,26.6,120,70,normal,normal,0,0,1,0
113,19642,53.8,Feminino,158,75.0,30.0,120,80,normal,normal,0,0,1,1
114,19570,53.6,Feminino,152,110.0,47.6,160,90,normal,normal,0,0,1,1
115,22636,62.0,Feminino,178,93.0,29.4,130,90,normal,normal,0,0,0,1
116,18352,50.2,Feminino,156,55.0,22.6,100,60,normal,normal,0,0,1,0
117,21909,60.0,Feminino,156,75.0,30.8,150,90,acima_do_normal,acima_do_normal,0,0,1,1
119,19663,53.8,Masculino,166,94.0,34.1,140,90,acima_do_normal,muito_acima_do_normal,0,0,1,1
121,23204,63.5,Feminino,151,92.0,40.3,130,90,normal,normal,0,0,0,1
122,19480,53.3,Masculino,172,87.0,29.4,120,80,normal,normal,0,0,0,0
123,23230,63.6,Feminino,160,82.0,32.0,140,100,normal,normal,0,0,1,0
124,19557,53.5,Feminino,164,103.0,38.3,140,90,muito_acima_do_normal,muito_acima_do_normal,0,0,0,1
125,18752,51.3,Masculino,173,76.0,25.4,150,90,normal,normal,0,0,1,1
126,22821,62.5,Masculino,168,80.0,28.3,160,100,normal,normal,0,0,1,0
127,15946,43.7,Masculino,185,88.0,25.7,133,89,acima_do_normal,muito_acima_do_normal,0,0,1,0
129,21076,57.7,Feminino,158,53.0,21.2,110,70,normal,normal,0,0,1,0
131,19258,52.7,Masculino,165,65.0,23.9,110,70,normal,normal,0,0,1,0
132,18410,50.4,Feminino,165,99.0,36.4,150,110,normal,normal,0,0,0,1
133,21860,59.8,Masculino,170,100.0,34.6,120,80,normal,normal,0,0,0,1
134,17363,47.5,Feminino,167,71.0,25.5,120,80,acima_do_normal,normal,0,1,1,1
